{
  "source_frame": 1750,
  "target_frame": 1755,
  "stride": 5,
  "gt_baseline_m": 0.32937875197677097,
  "gt_rotation_deg": 5.349910047717181,
  "translation_error_m": 0.6902640917764292,
  "rotation_error_deg": 0.9092650231193934,
  "translation_error_over_baseline": 2.095654584984004,
  "open3d_fitness": 0.990875,
  "open3d_inlier_rmse_m": 0.1921170641039181,
  "median_nearest_neighbour_before_m": 0.20986031767710045,
  "median_nearest_neighbour_after_m": 0.09576646073667427,
  "estimated_source_to_target": [
    [
      0.9963376649451174,
      -0.02098442771276292,
      -0.0828909597320085,
      0.3639409825194489
    ],
    [
      0.021096727133225465,
      0.9997773245158434,
      0.0004790492818588038,
      -0.03847081024437972
    ],
    [
      0.08286244937238782,
      -0.002226022802151832,
      0.9965585077186929,
      -0.07068208659884037
    ],
    [
      0.0,
      0.0,
      0.0,
      1.0
    ]
  ],
  "ground_truth_source_to_target": [
    [
      0.9956809920155418,
      -0.0330602978321967,
      -0.08675470503778347,
      -0.3243307984779986
    ],
    [
      0.03231061213752753,
      0.9994275293898791,
      -0.010031841353435433,
      0.011895159341645867
    ],
    [
      0.08703669618180956,
      0.007185416124949828,
      0.9961791923709643,
      -0.056199649435169086
    ],
    [
      0.0,
      0.0,
      0.0,
      1.0
    ]
  ],
  "interpretation": "failure case: nearest-neighbour alignment improves while ground-truth translation remains incorrect"
}
